measurements,errors,
0.02983,0.0003,
0.24378,0.00244,
0.05892,0.00059,
0.43985,0.0044,
0.02923,0.00029,
0.19839,0.00198,
0.03443,0.00034,
0.18539,0.00185,
0.16768,0.00168,
0.24989,0.0025,
0.20736,0.00207,
0.07642,0.00076,
0.07883,0.00079,
0.06608,0.00066,
0.35319,0.00353,
0.24974,0.0025,
0.15901,0.00159,
0.17197,0.00172,
